,title,datetime,link,positive,negative,polarity
0,An Ultra Clean Opportunity (UCTT): The Heart of 5G Technology,2019-01-25,https://banyanhill.com/ultra-clean-uctt-heart-of-5g-technology/,25,9,0.159379
1,UCT Completes Acquisition of Quantum Global Technologies ...,2018-08-27,https://www.prnewswire.com/news-releases/uct-completes-acquisition-of-quantum-global-technologies-llc-300702459.html,17,5,0.0883299
2,3 Key Takeaways From Ultra Clean Holdings' Q3 Report,2019-10-31,https://www.fool.com/investing/2019/10/31/3-key-takeaways-from-ultra-clean-holdings-q3-repor.aspx,15,4,0.141611
3,Ultra Clean Acquires Dynamic Manufacturing Solutions,2019-04-15,https://www.prnewswire.com/news-releases/ultra-clean-acquires-dynamic-manufacturing-solutions-300832266.html,20,8,0.0806605
4,Why Ultra Clean Holdings Stock Went Up on Thursday,2020-07-30,https://www.fool.com/investing/2020/07/30/why-ultra-clean-holdings-stock-went-up-on-thursday.aspx,14,5,0.111757
5,Ultra Clean Expands Global Footprint,2020-07-29,https://www.prnewswire.com/news-releases/ultra-clean-expands-global-footprint-301102500.html,10,3,0.129518
6,3 Top Tech Stocks to Buy in June,2020-06-04,https://www.fool.com/investing/2020/06/04/3-top-tech-stocks-to-buy-in-june.aspx,27,5,0.163789
7,Is Ultra Clean Holdings Inc (UCTT) Stock a Great Value?,2020-10-16,https://www.investorsobserver.com/news/stock-update/is-ultra-clean-holdings-inc-uctt-stock-a-great-value-2,4,4,-0.0289583
8,4 Top Electronics Stocks to Buy From a Prospering Industry,2020-09-11,https://finance.yahoo.com/news/4-top-electronics-stocks-buy-171505324.html,36,16,0.0942251
9,3 Small Cap Tech Stocks Now on Sale,2020-09-10,https://finance.yahoo.com/news/3-small-cap-tech-stocks-173405234.html,16,13,0.10429
10,UCT Agrees to Acquire Ham-Let (Israel-Canada) Ltd.,2020-12-16,https://www.prnewswire.com/news-releases/uct-agrees-to-acquire-ham-let-israel-canada-ltd-301194552.html,32,12,0.105337
11,Should You Buy Ultra Clean Holdings Inc (UCTT) in Semiconductor Equipment & Materials Industry?,2020-12-09,https://www.investorsobserver.com/news/stock-update/should-you-buy-ultra-clean-holdings-inc-uctt-in-semiconductor-equipment-materials-industry,8,0,0.125333
12,3 High-Flying Stocks that Should Move Higher,2020-12-04,https://www.nasdaq.com/articles/3-high-flying-stocks-that-should-move-higher-2020-12-04,25,22,0.0824521
13,4 Top Electronics Stocks to Buy From a Prospering Industry,2021-01-27,https://finance.yahoo.com/news/4-top-electronics-stocks-buy-143102394.html,36,20,0.0729345
14,Top Wall Street analysts back these stocks as earnings season kicks off,2021-01-17,https://www.cnbc.com/2021/01/15/why-top-analysts-back-intel-biomarin-stocks.html,36,2,0.189935
15,"RPAY: 3 Small-Cap Tech Stocks to Own in 2021: Repay, Ultra ...",2021-01-13,https://stocknews.com/news/rpay-uctt-idex-3-small-cap-tech-stocks-to-own-in-2021-repay-ultra/,14,11,0.0725575
16,Ultra Clean Reiterates Fourth Quarter Guidance - Provides ...,2021-01-11,https://www.prnewswire.com/news-releases/ultra-clean-reiterates-fourth-quarter-guidance--provides-outlook-for-first-quarter-301204986.html,13,1,0.143774
17,"Ultra Clean Holdings, Inc. -- Moody's affirms Ultra Clean's B1 CFR and B1 senior secured rating, outlook stable",2021-02-26,https://finance.yahoo.com/news/ultra-clean-holdings-inc-moodys-171410263.html,35,5,0.0985989
18,AEIS: 3 Small-Cap Semiconductor Stocks to Consider Adding ...,2021-02-25,https://stocknews.com/news/aeis-uctt-imos-3-small-cap-semiconductor-stocks-to-consider-adding-to-your-portfolio/,15,9,0.106299
19,AMAT Stock Rises After First-Quarter Beat And Raise,2021-02-18,https://www.investors.com/news/technology/amat-stock-q1-2021-applied-materials-earnings/,16,3,0.143638
20,Ultra Clean Holdings Inc (UCTT) Q4 2020 Earnings Call Transcript,2021-02-17,https://www.fool.com/earnings/call-transcripts/2021/02/17/ultra-clean-holdings-inc-uctt-q4-2020-earnings-cal/,123,24,0.142056
21,Ultra Clean Reports Fourth Quarter and Full Year 2020 Financial Results,2021-02-17,https://finance.yahoo.com/news/ultra-clean-reports-fourth-quarter-210500852.html,20,3,0.0818383
22,Ultra Clean Reports First Quarter 2021 Financial Results,2021-04-28,https://www.prnewswire.com/news-releases/ultra-clean-reports-first-quarter-2021-financial-results-301279493.html,20,4,0.0826725
23,Ultra Clean Holdings Inc (UCTT) Q1 2021 Earnings Call Transcript,2021-04-28,https://www.fool.com/earnings/call-transcripts/2021/04/28/ultra-clean-holdings-inc-uctt-q1-2021-earnings-cal/,136,25,0.178058
24,"Introducing Ultra Clean Holdings (NASDAQ:UCTT), The Stock That Soared 912% In The Last Five Years",2021-04-13,https://finance.yahoo.com/news/introducing-ultra-clean-holdings-nasdaq-114255174.html,22,2,0.307276
25,April Has Been the Best Month for Stocks in Past 30 Years: 5 Picks,2021-04-12,https://finance.yahoo.com/news/april-best-month-stocks-past-104410438.html,19,16,0.0804951
26,Ultra Clean Announces Pricing of Public Offering of Common Stock,2021-04-08,https://www.prnewswire.com/news-releases/ultra-clean-announces-pricing-of-public-offering-of-common-stock-301265543.html,12,3,0.0359199
27,UCT Announces Launch of Public Offering of Common Stock,2021-04-05,https://www.prnewswire.com/news-releases/uct-announces-launch-of-public-offering-of-common-stock-301262352.html,10,4,0.0538318
28,UCT Completes Acquisition of Ham-Let (Israel-Canada) Ltd.,2021-03-31,https://finance.yahoo.com/news/uct-completes-acquisition-ham-let-200500851.html,23,5,0.121009
29,5 Top-Ranked Liquid Stocks to Boost Your Fortunes in 2021,2021-03-01,https://www.nasdaq.com/articles/5-top-ranked-liquid-stocks-to-boost-your-fortunes-in-2021-2021-03-01,30,14,0.133247
30,Ultra Clean Announces Participation in Upcoming Conferences,2021-05-24,https://www.prnewswire.com/news-releases/ultra-clean-announces-participation-in-upcoming-conferences-301297056.html,7,0,0.206845
31,"Most Shareholders Will Probably Agree With Ultra Clean Holdings, Inc.'s (NASDAQ:UCTT) CEO Compensation",2021-05-13,https://simplywall.st/stocks/us/semiconductors/nasdaq-uctt/ultra-clean-holdings/news/most-shareholders-will-probably-agree-with-ultra-clean-holdi,18,6,0.13949
32,3 Zacks Rank #1s with Growth AND Value,2021-05-06,https://finance.yahoo.com/news/3-zacks-rank-1s-growth-164704750.html,33,20,0.092298
33,5 Nasdaq-Based Tech Stocks That Have Returned More Than 50% YTD,2021-06-24,https://finance.yahoo.com/news/5-nasdaq-based-tech-stocks-115411530.html,25,13,0.100032
34,Were Hedge Funds Right About Selling Ultra Clean Holdings Inc (UCTT)?,2021-07-28,https://finance.yahoo.com/news/were-hedge-funds-selling-ultra-194528814.html,40,4,0.225222
35,"Ultra Clean Holdings, Inc.'s (NASDAQ:UCTT) Intrinsic Value Is Potentially 70% Above Its Share Price",2021-08-26,https://simplywall.st/stocks/us/semiconductors/nasdaq-uctt/ultra-clean-holdings/news/ultra-clean-holdings-incs-nasdaquctt-intrinsic-value-is-pote,26,7,0.122886
36,10 Best Stocks to Buy According to Steven Baughman’s Divisar Capital,2021-08-12,https://finance.yahoo.com/news/10-best-stocks-buy-according-145449911.html,49,14,0.205801
37,"Have Insiders Been Selling Ultra Clean Holdings, Inc. (NASDAQ:UCTT) Shares?",2021-08-09,https://simplywall.st/stocks/us/semiconductors/nasdaq-uctt/ultra-clean-holdings/news/have-insiders-been-selling-ultra-clean-holdings-inc-nasdaquc,28,5,0.185919
38,What is Wall Street's Target Price for Ultra Clean Holdings Inc (UCTT) Stock Wednesday?,2021-08-04,https://www.investorsobserver.com/news/stock-update/what-is-wall-streets-target-price-for-ultra-clean-holdings-inc-uctt-stock-wednesday,4,1,0.19537
39,Why Ultra Clean Holdings Stock Got Crushed Today,2021-08-03,https://www.fool.com/investing/2021/08/03/why-ultra-clean-holdings-stock-got-crushed-today/,5,0,0.163194
40,"Dow Jones Futures Signal Stock Market Rally, SolarEdge ...",2021-08-03,https://www.investors.com/market-trend/stock-market-today/dow-jones-futures-stock-market-rally-erases-gains-on-economy-fears-tesla-square-lead-new-buys-solaredge-shines/,44,22,0.0643689
41,"Ultra Clean Holdings, inc (UCTT) Q2 2021 Earnings Call Transcript",2021-08-02,https://www.fool.com/earnings/call-transcripts/2021/08/02/ultra-clean-holdings-inc-uctt-q2-2021-earnings-cal/,126,18,0.176827
42,Ultra Clean Reports Second Quarter 2021 Financial Results,2021-08-02,https://www.prnewswire.com/news-releases/ultra-clean-reports-second-quarter-2021-financial-results-301346256.html,17,3,0.0915376
43,Ultra Clean Hldgs (UCTT) falls 0.25% for September 21,2021-10-01,https://www.equities.com/news/ultra-clean-hldgs-uctt-falls-0-25-for-september-21,12,1,0.204763
44,2 “Strong Buy” Stocks From Wall Street Best Analyst,2021-10-01,https://wmleader.com/general-other/201602/2-strong-buy-stocks-from-wall-street-best-analyst/,28,7,0.17242
45,Ultra Clean Holdings (UCTT) Stock Moves -0.26%: What You ...,2021-10-01,https://www.entrepreneur.com/article/385118,13,10,0.0474796
46,Ultra Clean Holdings (NASDAQ:UCTT) Could Easily Take On More Debt,2021-10-01,https://simplywall.st/stocks/us/semiconductors/nasdaq-uctt/ultra-clean-holdings/news/ultra-clean-holdings-nasdaquctt-could-easily-take-on-more-de,34,7,0.18324
47,2 “Strong Buy” Stocks From Wall Street Best Analyst,2021-10-01,https://www.nasdaq.com/articles/2-strong-buy-stocks-from-wall-street-best-analyst-2021-09-29,28,7,0.170566
48,"Don't Ignore The Fact That This Insider Just Sold Some Shares In Ultra Clean Holdings, Inc. (NASDAQ:UCTT)",2021-09-04,https://simplywall.st/stocks/us/semiconductors/nasdaq-uctt/ultra-clean-holdings/news/dont-ignore-the-fact-that-this-insider-just-sold-some-shares-702,19,7,0.12907
49,Ultra Clean Holdings (UCTT) Gains As Market Dips: What You ...,2021-09-03,https://www.entrepreneur.com/article/383731,17,8,0.0916454
50,Wall Street Analysts Think Ultra Clean (UCTT) Could Surge 39%: Read This Before Placing a Bet,2021-10-29,https://www.nasdaq.com/articles/wall-street-analysts-think-ultra-clean-uctt-could-surge-39%3A-read-this-before-placing-a-bet,21,8,0.123863
51,Ultra Clean Holdings (UCTT) Recently Broke Out Above the ...,2021-10-29,https://www.nasdaq.com/articles/ultra-clean-holdings-uctt-recently-broke-out-above-the-20-day-moving-average-2021-10-29,8,6,0.105352
52,Ultra Clean Holdings (UCTT) Crossed Above the 200-Day ...,2021-10-29,https://www.nasdaq.com/articles/ultra-clean-holdings-uctt-crossed-above-the-200-day-moving-average%3A-what-that-means-for,7,3,0.106313
53,Ultra Clean Holdings Inc (UCTT) Stock: How Does it Score on Fundamental Metrics?,2021-10-28,https://www.investorsobserver.com/news/stock-update/ultra-clean-holdings-inc-uctt-stock-how-does-it-score-on-fundamental-metrics,3,1,0.166667
54,Ultra Clean Holdings (UCTT) Shares Cross Above 200 DMA,2021-10-28,https://www.nasdaq.com/articles/ultra-clean-holdings-uctt-shares-cross-above-200-dma-2021-10-28,3,1,0.0298958
55,"At US$44.38, Is Ultra Clean Holdings, Inc. (NASDAQ:UCTT) Worth Looking At Closely?",2021-10-25,https://simplywall.st/stocks/us/semiconductors/nasdaq-uctt/ultra-clean-holdings/news/at-us4438-is-ultra-clean-holdings-inc-nasdaquctt-worth-looki,19,3,0.160632
56,Ultra Clean Holdings (UCTT) Earnings Expected to Grow: Should You Buy?,2021-10-18,https://www.nasdaq.com/articles/ultra-clean-holdings-uctt-earnings-expected-to-grow%3A-should-you-buy-2021-10-20,20,13,0.107325
